{"_timestamp": 1591891355.5084846, "_runtime": 13.93697476387024, "Calibration net predictions Mean IoU": 0.008981816470623016, "_step": 3, "Final predictions Mean IoU": 0.0021808226592838764, "gen_precision": 13.333080291748047, "gen_flip_precision": 4.620681285858154}
